ID,Section,Site Image Name,New Image Name
1,1.1,RmlkTnIU3YDqIcDWq96p3JBFZNNr6A2mw9fhOpwxA2hjcxR5cEO5AW5UhfAl1gbiL7qdWTbWg9p1TCXTBa4Djtg3b8tZDw.jpg,B&O_Panorama.jpg
2,1.1.1,476pZmrfQXNTW4VgO_VQgKEyVrEHsaAst98TEHfVkytV7sEeHNolMg4HxRp2RARsTylr84bLlbt42M6ndvsxOlmc8KZ0.jpg,RailGauges-01.jpg
3,1.2.1,JLRvmxSH2Z91aSu0doe4y417u0p_nWDRS2g1A6U1tjwJkQMjJCzHzbOgKt2vyePd7GkJjK0f2xZG3z3BHjRYIBCLugEu.jpg,Sections.jpg
4,1.2.1,zf4eUL9twfdNIjSa59Kcbzbxzqwhh7pt9R6qTyMjly4PXIYGNOmfCtpgt6Rt8H8acJScuDUK71JIYUAWNYmACDHKJo-NMg.jpg,"Marion,_IL_1910_Public_Sq_photo.jpg"
5,1.4.2,tX8I82HnEB78tgjdinTlmsh9Awu3CuCt57RR0YscCCTwM26njEmcgTw0VVYzLF_0lIsoqs2dOei3r77zsV1ZTKRM9CbgcQ.jpg,hamilton_suntimes.jpg
6,1.4.3,KeY1WIwh50pZllJd1EU38-booqiaLGJII9mSz-82qvt8kn7qXD0KB2NOzrOkUfaEaNw5QDKU8Z6DlA-WYm_nlAD61uHn.jpg,amtrak-route-map-1pqv5bap.jpeg
7,2.2,CyDlSDN3VDt3QvR6fM3iSRAsYX0zjNgLPz0LoPJVt0pSvJiss-nM3UtMZqWnRzUV-mv0wJYYVQhZqhu8-cBJyh_VQN9t.jpg,_Preview-01.jpg
8,2.2.1,nJTupxFhlfReo1KP1aaAGNZkVok1F8w2lN14IJ5lT0-XZ9ejj7tYNNSZElxY8izseigGVnpEdGMxKsh4dIzBzaXl_B4Bxw.jpg,JapanNetwork-01.jpg
9,2.2.1,UBjUzPdcJwS-UbYKkUzwEJxYSbFG6orJON77s5wW_EIhQDf-oUEbch8L7iyTG3d5DhX7oIUsjcILgFVs4OTyCkoubfM.jpg,Collage.jpg
10,2.2.2,C6Udr_RgBr1B4ObiH_TGKGRDowAM91XSHe3erIK6wSlxZvVuewzfF7M5hlWPDKK47iDeH_vk0FSGG7rAh9ITjQwZXIAxMQ.jpg,FranceNetwork-01.jpg
11,2.2.2,BuBNgN4F3xfjaQPOaaSEP-tD_Z8k5ttkf2tKadVst9DMDg_0OXkCvz25lp3ZUHD9hnZi1PEIf90CE_ddnizfUi5dxX76.jpg,Creusot-01 copy.jpg
12,2.2.3,Hg7lAVknTFXlJlQISpt9GHpHATYTeYqeFNa9hNZ9MIHt8P6Tw7-hXZPIYUBTlb4Bxo9NPVleFa6ZTf-vVZDi0j3fplk.jpg,GermanyNetwork-01.jpg
13,2.2.3,bSm2g4ennEjvOGN_5L1f_MgkUnenwc6GY-O1CX4R2mazCGrlwgNm8858ZBLf1L_a1qX1MfM1WCo7W6aYg9o9HhWeyBbG.jpg,Traffic Directions-01.jpg
14,2.2.3,OFgl1j3aMT_0_UDyHBVH9igjPAmbDELrth7cu5CHIz_01A0JT8ZMRUwsUNwiJ3iSlOz4Qfv6iUq987ia6qOVgF7vO9f6.jpg,Country Diagrams_Germany.jpg
15,2.2.4,Yhw5g454SnAy30wAa7boyVOtDpBA0q5rbSgzcnmini7nxHrVmcYlpEGLSiJq4FnRUtz7T8S_k9tZmkg_HfVFTnYBGCHg8g.jpg,51406625.jpg
16,2.2.4,WoObiKo-SLc8kj3qm8lwCJtr2nuWCIElBuQKG9cLUipej0zhq8dR551Z1hBbDzszdUigla_TYGtGIPQzIsenaU9KntSr9w.jpg,Country Diagrams_China.jpg
17,2.3,Rg4bLFIzBkZwepu8JqGnQU8DfwnUdUBq0U_AUa22583Xn8VsTm4-LKcFBxQStq0T7zSW45YTbw8cm27iGvoxqeRuBUc.jpg,Country-01.jpg
18,2.3,jiSWXOMJw4Xmv85CTqGvVjCZv-ot-6pGq6nwKq7qeoeu9j7tYUVU_S-I5UeikCER_a9HEhr9OjuCM8irZCuLcHI9Y6PN.jpg,USA-01.jpg
19,2.3,AvhAOuUWpOpZxzpXyan_LaojSoMcW76d2xjZdyM8sIaU5XEBcXArb3fngQ3jFFysMkpQPKDwPRmRMz4HRonT9R4f8M8.jpg,Japan-01.jpg
20,2.3,6mmNZhJSitHHFH4bnclEK_wQNGn-GVLVId1QndCA8185Gj-U95rOqTGMaGHsDW0hfWuSg9YXAkOCIBLfHZbTHFUZWmV2.jpg,France-01.jpg
21,2.3,ujYUzHO12_2ifL9j06xVIhuq7wyHttZZmsNO_fZBEDQVT3gr9WWkhkF2hchMfOWAZim6zRZOmZ5cf_uUGAksEo2uWSVeoQ.jpg,Spain-01.jpg
22,2.3,VApAUfiThcYltkQLZeTyYTCGGxDN0qOQd7gU29QiJY4wblPlpXMW0cNu5XXc-sbn3yRKZtDzFbDUMIArr2E1clrHI20_.jpg,China-01.jpg
23,2.3,nNUs7tTwuc1ldjQCFiM6mQqPc9qohIe4U76Xs6oRabloGSLFr_qvY13_ZJMQyHJA82VIuPqpIsTJ3I_sjIvnmfqxVBMt.jpg,Germany-01.jpg
24,2.5,ln9GnD7Iz9X2vvAAuJ4Cx6Nj05zgp4pRm1RNRmMCWVLXhBRjZGRvo9hwaP0bqT1Bf_sG2-F4xrfR8ITU2gfcUg8CRN4.jpg,Typologies-01.jpg
25,2.5,__JKXiXTFtmHGjZUs2irNB__wo1p7YiyfyoKIO8JMN-lqMQaCODUrHDRc4VDUkliE4Nsv2u5F5FpGX87nv4a4M9pkNDq.jpg,Paris-01-01.jpg
26,2.5,pQej32muPr0F-AzelfnhpazHoQ_9r5PNl2F9erK08QEoz3iinfKs3kBLbG85qv1hAa11zEDLi2ij8nm-Moer7grxdNsN.jpg,London-01.jpg
27,2.5,D63IEG6ZHKTzhcauqy1mXA7Iej7FgudszjGDnyQKxphNahWgVYd2KzN7247_rZm8DF0703t3y7l-NQy-dJtdHfUG-kO49Q.jpg,Beijing-01.jpg
28,2.5,poVrON14RKAD09H0JFp_y0lMVNoYHJonkof4p9n97TuHKfWgB9bmJFFKL0e-ZR_bcEFgasxlmf_zYnTaPJesrahrln_i.jpg,Berlin-01.jpg
29,2.5,I-eh0QXHiuErufcezhetI3bc6KnEkw-SzqmeoPpr5FveihiKWMmB3YwaU5LXDsC4VtdkNDINehjShm2reTsRDKU6fXv8.jpg,Brussels_1.jpg
30,2.5,7naYchaz1JimrSfqj0VmNVaJZHsQm9kUArbTo03IozukBkJu1dNEl62NBebLFbnr6UsVR0NEM0GAz5TbMpjRL6UAHgs.jpg,Tokyo-01.png
31,2.5,wG3z20xkFElnAlKmB6W8gbvSgGojT-N2wuiG8X3tOJn3JsZ41-eXcvMM9hW1x1WPWifiSJ0OXh67NbHCqNU67Wdm7pqlOg.jpg,Lille-01.jpg
32,2.5,-7F3QDqE8PobqbhFqGdzdkSgPo5L9mnWFkIrp4eqJnlDIhYtGPEmbPdfsLdzHs1Xq19vnmiIpctSjdAU-4mOf21-aMD6dA.jpg,Turin-01.jpg
33,2.5,ndwIclnX0AYERL9cqIYnRk--OfBIemaY-YBesFogxauvqDj9mPj0NlPMBzNuHLaMZgaqzdgI05QV7TXs5rCOIEj90x0ggw.jpg,Tiburtina_2.jpg
34,2.5,s-1Q15fnsCEVppRCMcT1pm_a46RVx4NTvmw4ACEOmrRpd3s1BlzetvQ_0GxixbsHngvTq9MoF1-3jsyC1FBqko1CHiAS.jpg,Susa_1.jpg
35,2.5,tIXsDctJHFKuhffoZgcyiVtCDbicsk92SEZaaT7INUHCfsZT_pdiG0Fi13SEkTmkQHwm7uMLN37l2VhESWR4x5qI1uxy.jpg,Strasbourg-03.jpg
36,2.5,B-Cv_cMP8vInTvt_RNdo9tPGxdRtFQm5-GaojFuer_TKI-455pmtA7zblY65HJGo9ql_4prUUqLw6QlvNpK8cjqoJUnF.jpg,Map_Antwerpen_Centraal_EN2-01.jpg
37,2.5,a-5LJhoQy0_uAj44HEShCkY17w78NcyK_u3SCu78TgZaxKKGw4uYou3CuT9o4ynIM9ReTCqFiWww3Uphyvaksnuyy7UjvA.jpg,Lille_4.jpg
38,2.5,JcNlaHiXcz0m2ltYW8uxDWTbyMiOhTLHw5tO_AGskwOhGUg7RHdg_LSBjSbSP0miby-kmkza3wFBBCOv2DEHyTe2Miu-.jpg,guangzhou-01.jpg
39,2.5,N4pwc-HCWEa4mxcIvgTH7aUVjRaNdFM2VDA8ZgUi2EAwibFTNqwqQzCy25U4b8DAZKFk8uqYrFdDbbW_2usE0UQtculq.jpg,omiya1-01.jpg
40,2.5,xZyoFvmh8ovrvKmOf0o1Uh4cfNM-ExDI5QmuhOYZtxMgCmSd8DrtpgSMBmXguhULkFJWAo7GVxsPU7zi-VNN882uX0-oHA.jpg,hannover-01.jpg
41,2.6,ex4OX1okW5uzkfcP_gKLea6BARKc5GarW5uq_kUyL8aPbasP4FeDf5NSGE36LVT3nsLHW6klU5fO4aRmR0SxtPwScrkJ.jpg,saint lazare.jpg
42,2.6,8IvUPQOvISYtsS7eD_UB4Mtd9GeISlLVgg6H2H6qHFXLgwPWkyrb5UKebooSkAaJOkXaXBWdFQLcL0jxQf_ptdK7wMKH.jpg,leipzig HBF-01.jpg
43,3.1,cCZnVKjqTpu97xV4ESnIf3vO9LmyUEbha_N-6dQUMXOauLmZDfzzweBDkmE07cR0TLA_k5ols927-hByWzreM6IiDjvI.jpg,Flight Comps-01.jpg
44,3.1,szKpGT0a9keJmAH2PBV2glBXtKe97560FuHzw0ChsYpNriH-p5-aV1Bw-y04KXg9EWDQJnU-qTvKWVkLlu9nZXFHVji2.jpg,Rail Funding in America-02.jpg
45,3.1,-L86Ury7lISPOSROvvRzuQERCLWAyb9dB3s_HELChW_M3BOlUP4WehYL7-0G48PamK4Ce8lt_DtRCWrWHnVYF-YnJW30.jpg,IC-Passenger Rail-01.jpg
46,3.2,4Pbc8SsUC9k7veVbfuuCqL-Q8E5q1utGJKKHGMaYK89sQPYeaIfVYhPk5uIylfeZketj9RgLYSsYhVJGOw8Zh8dtpix-.jpg,Pop Dens-05.jpg
47,,,
48,,,
49,,,
50,,,